No,Team1_MeanACS,Team2_MeanACS
752,228.3300093883947,169.03724292545377
2760,247.3592258058324,149.1983466560398
1337,226.2112268413976,202.31193760366472
3821,235.9954836462852,164.81326816193098
1570,220.5570479573746,188.2121339777747
58,182.19029967876813,218.67283377892318
806,234.53229326665067,168.5065270581729
423,223.97306175246152,176.07594393099586
3490,216.55120019235983,200.829741996586
3731,203.97375726075484,191.2845556992454
714,227.58910939206802,165.2124569766778
3868,220.56287544700842,170.9845042312124
6121,234.28681581336554,157.79642204179078
5457,250.10054649192273,150.96640654798577
4721,224.7103425189283,182.97186273903745
4016,192.86170474567464,220.85172815018416
3000,211.81577785849845,212.54049801460977
6049,185.8916712944439,207.4406605930541
633,235.4929121638948,170.17774274650452
6379,231.8674980256884,158.67148850463622
5232,197.95698153280003,211.45724395833238
1592,235.60579913734523,169.9866402962382
3765,242.96443051002612,160.11230630350406
4610,213.2022208450648,191.67534910958614
3281,237.28952447782785,162.04517299313335
4530,230.4076044388421,168.22246674529373
5879,208.11877473322176,184.32992882947337
458,259.41628604148536,139.26956730528002
6077,218.94065984329623,202.70912737216585
2567,208.98654614449487,188.12624953243954
6488,229.5403621423464,183.0910373959745
215,233.9627430314365,163.82708638103264
6509,216.21340131286513,183.83538026753968
4202,211.87274006237175,187.84039539816058
499,230.2824155699358,165.93420343059887
4684,247.16045960385443,153.9478518131345
6827,225.91322640359715,171.21830185658385
1690,217.30737332554966,185.95823191050496
6420,250.1534405877115,146.04753702531121
1662,215.722904647452,188.02728663698213
5208,217.05448296184596,192.1265286447789
1545,221.11689693146786,196.61627600567758
4147,233.64643307742435,155.51740138333213
39,194.09355819008698,192.0098503949001
5994,242.24367656463022,151.91934679060046
252,205.0636207360775,190.84801494020732
6470,215.76709949319707,190.85511283505323
399,178.89064036731315,216.76169661463325
2580,207.32907117262388,200.64682353381724
4723,220.45043946870643,180.4348187083517
6874,225.9296598590318,164.2572328639694
3217,229.02984098470185,172.73243105114926
6292,209.24077658347846,191.1107450404188
6788,220.77285142801935,172.5367060168183
6092,213.43707836650356,200.90501737391867
6492,277.00253797919106,137.24093445795143
2729,185.17003751564525,223.09196972646473
225,209.43419970516476,199.56503164518463
3708,258.7248407182583,157.6498771028958
1033,186.86311787949725,212.28716608408877
2915,222.03646264510851,195.21907584535384
3622,226.9413298059895,193.31795344457657
545,214.821263640045,175.1800759330094
6935,204.27068940994846,181.95517000829386
6368,213.09641169061058,186.67177144750588
4630,243.75879539758205,163.74844147202987
2365,202.56368654437662,189.14966045484033
4931,233.6623910804181,166.44020750377211
6378,215.28952402345226,176.63740609099887
6138,216.22324558256668,178.49103178995375
1079,224.0307681292476,202.33532538486736
6690,222.87685447039996,174.37931565852114
1372,216.98899737588803,206.42911840243377
4722,227.91323676915445,162.77713574761663
5133,211.72017098543864,208.35955953032106
2483,191.46161025339143,196.0462726491612
326,212.75992553327046,190.4717259108085
1312,230.23461620356076,177.75890432688735
1747,223.72389096869955,186.0713322210932
4546,208.29466122209755,185.91564056257033
4507,203.36289405096048,195.30011655249317
6403,235.21065267192893,148.3019399330999
4984,197.92760402887666,216.87174186518575
5180,219.68037989351717,168.89799144946033
2809,231.84425444002278,173.25012396399524
2268,235.04857351419548,169.07935285919154
301,256.25832851553304,149.83211943598926
5800,232.85824262743964,175.9636132028166
1714,219.94358879532328,192.6906299821123
3347,206.17675159656162,200.19697071190535
1459,200.29817198059013,208.05295718066031
3924,206.16065103893993,206.9264235486956
2160,216.80771733486125,185.26344156511033
5527,232.3764018075043,161.06116744468375
4981,227.91231415111994,204.742137839023
6160,224.23209488574346,173.05088677943945
5213,194.98840707301824,211.5805965022262
4122,218.8419656849665,180.7519871500866
3303,211.65124339565818,200.5930545968558
3510,219.60298960709346,184.7672209237564
373,228.08604654351916,172.7492629998082
4242,187.3109021827712,215.98525812250682
1374,256.78618718185913,141.7373849741507
3527,219.16709596054292,210.7951359808761
6203,226.68657552772248,180.94009371767294
3851,181.37393466608546,218.95090865111902
3396,208.70621550316648,213.16789579203336
1088,217.28941723364105,193.24121014229434
4651,186.81447828298838,223.96341270388515
1822,219.0197362498609,176.03417130584702
6475,214.73078186273676,192.8695691680761
2237,217.3300487800478,185.35401145973515
6432,222.39971179023763,168.60266057697908
4062,213.21590011078183,191.12742266411834
6246,218.22583972649946,191.8555658364875
6179,235.38695279591525,184.18978821838954
1017,266.3737500808701,154.0086543166471
1209,229.55805162742655,174.4402684567525
3493,207.4318672477165,192.69566293391756
3635,225.5263981229916,182.75561684920442
1901,238.78988351904923,157.2279031019889
1234,205.88733305124975,193.80524808732937
2847,205.1124568815766,207.88858449389224
3738,229.9985081531613,178.62321355258226
2173,213.06713282509358,190.38831056486526
1186,185.14387366297493,200.7894184130753
2025,243.07057775808076,159.28444372634968
4305,230.5407351957191,168.10478400582946
2718,219.05922855439067,206.0042391069774
2316,214.3666520461966,196.33130959961036
4442,191.52956337838245,208.78712358967894
5073,196.33177595423214,211.50747427169895
1081,244.15966928936436,156.35673879543646
2247,206.20950801345634,196.51059463738514
4629,203.87871003636292,192.15828689101411
3028,217.6101696187632,195.76717965843673
2439,233.62473852007034,160.06710924103996
1140,214.31422995578293,198.9509401996054
530,240.62710930004704,175.9451958173957
6228,207.24479098922185,185.24648553960395
173,224.13973151588254,173.69406875777838
6756,210.08080267583648,204.41359905260526
1423,223.26813064536134,179.33673011753746
4979,233.31543236833812,179.4363830720837
6932,223.80056675570233,164.4235255412953
505,231.40284468776588,176.54435819329478
5536,230.37646085616046,165.53804707810625
4803,251.93100160665577,154.33260040810188
5131,227.46975045678877,173.33350342644275
6291,241.54076309238917,150.11325286554455
7024,210.1975349430567,186.21537622462165
1035,217.80139177102308,177.92345538411428
1983,239.14478692844898,156.8436329606079
934,229.7614887776464,176.5481787433332
5679,206.5648322494464,202.72531809991148
4366,243.65283816871477,187.15932889168818
3263,234.78574419717063,169.32130692645754
3375,223.3608795167065,180.23261355666392
2900,226.93533886113812,181.93656721393015
1283,215.5120586968562,200.11891428347982
5000,216.3485243969638,199.90398689527484
5987,236.7217209962302,164.95921682329572
3081,226.95621962475758,201.32270822580077
5332,225.19013060116959,166.2216290940629
2498,217.63493196649065,187.4853922773394
6352,198.2562765305313,181.10816820544449
6355,204.19963942562512,193.86839002715718
1465,219.29612256148576,185.4802024416067
6017,195.65655277587757,217.5990755392755
3835,223.6955290269955,173.17281862308178
166,221.01148906125604,171.39692910947375
6991,188.34483058827334,207.20058386455412
6706,222.56773346281847,163.4273776263646
4733,240.5173596125562,172.2119726516425
3117,221.8927175293776,199.61970964370727
1336,212.46266275975063,197.46717612226954
6511,200.2916695036768,222.4680514922682
135,248.9571612822712,165.04011400058405
6605,212.60590467329234,186.3071293389329
721,233.11011266716355,163.12722230642973
6624,222.43778154004733,165.113891211961
3709,259.71354108576315,135.5316976163668
6303,200.26966113368698,209.325282420912
4706,242.61683561266466,154.00266081073624
7052,219.74717714066048,186.95590766153995
4369,200.13870608322156,197.97194108546756
6543,204.89988131203302,194.61981107554018
6670,209.32680541387873,178.68948083633418
4428,214.54981100462726,201.10537509325582
2790,238.1806334903689,175.735184944764
6369,212.0450226777218,191.19556107176498
1205,220.07346712523446,195.2531827340659
4290,234.129405651648,171.28406656746313
419,212.2343613140896,211.21250442956048
1409,210.32697085757354,193.9248164344583
1338,227.38538186571185,198.2259554935613
5966,203.5567656531955,202.84982345004525
6819,235.58763748254768,156.3173202149247
4331,183.50919163944096,222.93590818509026
1053,235.3680749812643,165.94117806858873
3662,236.52730679758338,167.43784345758996
6197,207.61935669099375,176.0414401010969
1139,240.67802161037116,156.87262215310727
2879,244.2770846195555,172.11337856833313
385,235.0875988961928,192.81301080680183
211,219.1772379982029,180.49074932925294
674,217.74078252409237,194.24112311094336
5979,225.81485080994096,166.69309064235816
531,257.5174081859859,169.59102136648403
3153,230.02276193223753,196.4410054924375
4121,222.17616920862906,199.1887302920747
786,208.17906591842134,204.08727634666545
1986,221.75995007299474,182.16107721677173
1471,205.85591978463947,196.2752559231032
2451,212.97445814123424,190.0040829982537
5147,213.36478380516067,181.82124654587574
261,221.79538756221007,172.10430993790553
6051,228.66808369184204,177.40013158662794
3142,232.4505602792296,161.43551791542347
976,237.9681965009358,180.93566518400885
6116,203.5853142659788,197.68295587716335
644,238.79114509984646,174.50920430425447
2110,208.97668669631858,194.75576557428744
3948,235.58665713212804,168.96910968892047
4820,220.54084362563682,186.0894979071744
1370,219.0052824759989,189.52406279310838
6074,232.83946933657586,178.8399651250901
2925,222.54649909146997,193.09185356928276
2784,218.21833820265996,182.70318814003258
1445,233.56049891849972,173.54150746214935
5042,205.34289144670566,201.0514335695683
4971,216.31218788122845,184.8467436440988
6859,199.4756228567056,192.50689686822582
3784,223.6534628126163,182.6944968774496
2051,222.89105545750058,174.9010907979534
5806,233.37999750122395,178.6648641323209
2983,230.67582143479004,180.64906613149506
5907,230.7125308621344,193.4337176625062
216,236.94070166588068,167.54427058507588
48,267.5581829122984,140.60566295923573
3442,238.31327055710707,172.86912073555925
1472,221.97828744674203,186.5150196709195
6884,204.42809365937055,209.1750308610491
3290,217.58866596772788,190.045130089483
2657,266.12874197306337,138.55524304435892
4560,188.14118188439383,219.9834131989057
3704,248.21540571266263,151.1606793619071
1798,201.83166564730683,202.37344643738058
5925,216.57679274114173,192.25500179873575
4622,217.5705938802974,165.65183448103542
4712,257.99144660491265,145.02979536085292
38,198.45921893713873,198.6672344707235
1976,207.60003900605295,182.0753315182635
6974,204.60705791603885,179.4679170565064
5721,239.7198578962597,171.2934444750235
4005,208.33526376380695,180.3795815967072
5507,234.19171524182744,154.45553757744034
1388,220.45504812585384,188.54238962856942
3626,210.7475338630928,193.21194372037382
4152,222.26848271185753,185.20889662071517
4118,198.86939838252542,210.30084218107677
4557,231.37643431958384,168.21952689285678
4705,210.75048668645206,209.51381615413894
1924,179.99723531160225,215.68602505496006
965,203.42213168583427,197.76029995726273
2545,202.13493753755935,187.6725006120084
2877,217.740030366297,183.09445346026996
6485,239.84730057990532,186.62197913145167
6843,226.89732665399575,171.71325200553196
1619,240.91837108937136,170.13962087740026
3122,228.33800237381632,177.32799377799125
6010,202.20048639352297,200.11743464945008
3977,243.01930975743505,150.67283069235398
418,200.69280403692852,197.8805706130499
718,216.30855731246743,184.64100092498285
4383,196.51651514952752,210.76272786605946
1410,192.3541106273639,210.34313346223266
1327,212.83891618386966,204.2857666610107
6385,243.3486202172104,172.50700273701895
2589,225.7579844267041,191.99507302964037
5274,185.2146142833743,235.85776786777308
6911,189.55247951244044,205.22706153732693
228,236.05578991493408,173.50960979585443
4633,224.2936968896995,176.85793424940604
371,219.61069202598947,191.300243367155
3940,209.89542011670744,189.9144626868357
3867,209.28207180738448,207.20266749987582
5851,237.766390093897,176.2935745897413
983,211.55908686750413,203.50103157328078
6274,238.78823499360666,166.09308817693764
5680,227.72433136747895,178.61631502646225
2145,231.5900775769765,172.26980294974993
921,236.44643064189458,180.72321083793497
3467,231.53837595940453,177.72395593870607
645,218.66140943523982,195.02256547359977
3462,220.03383466258853,190.85194107522375
2804,215.0140416108689,209.62410996774366
1480,207.4501820319681,194.62898578149597
3182,231.23582200749485,180.70896099606398
7033,199.37742939815269,190.4036092807343
3193,206.05357115797813,179.9078483290169
2067,192.75499864939547,215.48371111488757
2155,204.4443289587729,205.6907167545787
6222,224.66284888759964,179.07381528110452
4977,222.8570472058015,187.99452555591034
5621,212.3834783424101,191.4416233025302
5436,241.9442009734482,153.18353774451853
2238,226.20009503882432,180.93642308918922
1863,240.50835505912977,148.0242639271782
2181,244.6838592302644,150.42636930742174
1819,226.83853657651937,156.2587868398502
514,180.24521904935483,155.94452552091957
4792,202.03987820732266,213.98122670805267
4498,193.24246630749224,208.73881288245968
401,215.3230329552854,197.84465445498338
6648,202.2890493650614,180.02206116337427
5060,222.29466593691072,193.5153975525202
763,217.44820685079515,177.02408305617087
6145,209.76318312812055,186.29463504115486
2644,218.22663933894682,186.26929978673581
4973,220.23731704143344,156.3190436527879
1571,223.4787910912991,189.6268225281676
1898,200.08632618118563,203.03635780498243
1627,191.58983018606548,211.39914339455063
1484,198.6804025939397,221.0046897618335
3861,224.52151637789683,182.92656222150868
3107,231.30349036035162,170.25343878632674
6351,195.9651575618027,201.25737746402925
7013,238.63537228569913,145.62127016526534
773,248.01098890208033,161.74733190472824
4458,181.4408993256821,210.63635438804255
2224,201.2512292314306,176.4388062666656
1758,231.91319364857085,197.81199662590564
6963,204.17726697913315,184.8185379938821
6302,224.21811772775686,170.7641780625857
6101,187.14087681474908,221.87059170758036
5098,218.52823163938672,187.14045281215434
3875,228.75292400198893,164.62119829399006
4506,228.9570168536402,165.05529132167527
4825,230.50827600453772,154.8268866285963
524,240.47408301889763,170.3722364161469
5081,222.9203305396066,168.64960072740047
5642,214.6685953088574,190.71402756105755
988,209.65052271061384,214.36230736210473
5352,224.2467975111557,195.61007790705213
697,202.2238361996223,203.6121615981724
2299,222.13867285729287,175.76864495686766
160,207.1851883326061,181.28711747406697
2926,238.473739358594,165.1246965450533
4367,229.34787532788937,177.12921831965647
3198,247.1410376735198,148.20673798896382
1857,219.80412025327354,173.384473669303
4648,199.29810601965804,208.60476620612658
4780,220.60179110918278,190.51350072772243
5749,211.7081242241274,206.85621525404446
1579,208.1453580428388,209.12024294232876
3687,224.6366221589871,191.07842322354682
2303,217.97583917231728,186.22184353222826
5134,209.72212625834004,183.70633645940927
998,253.98371031720575,157.01504577673848
5393,238.18361855070174,176.01509885770804
3661,226.29037838036632,169.90593888839254
5958,247.9511166947047,159.8049331545555
3519,198.78961898660876,210.13540975242128
5774,199.0255358814984,206.2448691340553
4456,231.18399233579194,174.29557953412348
3840,202.27468702671237,200.24224991710278
4743,215.04269166165238,187.55807760015523
6054,173.20974647861598,231.29331476145458
3227,226.58431637947575,173.95609272337634
6863,231.51750532191795,180.46539984291402
504,229.5387927843458,172.60803270381675
1020,183.6441663947733,216.41146675170089
4972,235.11388718440827,164.4362629143839
6413,232.32122440854107,176.02215173179798
5094,227.4750341480571,180.64063057948647
3260,218.52880462992886,179.00089661820914
5191,184.92839253489493,213.79559043338307
6862,225.58378850154097,162.6397588645092
338,218.3825362619875,192.39965418698853
1935,202.25085688043126,215.1445555889061
5418,192.9799644218352,202.19941817196946
863,255.203019689657,172.23153837969866
2124,242.64074705243465,162.06672554127823
6523,215.02440392991562,191.94153519713169
4588,167.19878297651167,232.27930274273453
6597,187.72032577245432,216.94832329419356
3703,231.00003901283458,164.28663701303805
5154,227.59094538069454,177.5681824938723
5484,242.11431074212024,161.29007005962012
1487,217.3057137038481,197.09513553232878
113,255.58926339243033,153.05521417894312
5419,224.67337668445208,186.93352253852308
3079,233.90517388051057,160.25147878675688
1032,251.35781436779618,153.9044607600497
978,236.71257400951566,170.41771348802808
4536,197.18052779388768,205.18363114589965
6729,197.3228271359929,198.3218309716386
27,189.3443121733425,215.43685248823195
4916,215.51661040644643,182.88853092459132
2599,222.17510753371823,177.7011408277571
2406,218.10701872097835,194.0208007010525
6217,210.65334221727613,173.72118197483772
3173,261.6422349272815,148.2504822732951
2084,253.5401081461578,145.91063315384065
790,210.08268144895808,201.060688308939
4131,202.61093283581098,212.60476702431697
2400,214.5168374329947,186.70426906240607
4471,212.61737228956088,189.1136502710067
123,215.26676464135596,181.60910554203838
2350,234.5598582671167,161.4386588612977
2183,232.44097287153753,174.60247159676405
156,220.5753157146722,191.22293504981974
2777,220.25837115922837,191.58821041264548
5794,226.42043922225858,172.79948036690718
562,249.3718068859191,161.07530825774754
5888,240.27337972758707,167.4770341547522
5737,235.11541528160308,160.60914731579743
5353,242.87793436462323,168.47952087112247
1437,209.53716106220236,196.89645371144044
4379,211.86947923943174,203.40026819622616
6434,225.9692770085461,177.6371766017573
475,210.4531870546233,198.3468392702108
427,211.3237483130746,201.102149685971
4155,213.74240203934306,179.75360929552903
4586,199.68727366008224,198.89014272627776
1022,220.58329815275044,198.27088725176822
1763,228.7825999679764,161.96395905217764
1693,198.41076500432897,209.81713513322904
5294,219.5014036726114,189.93604748977208
5365,256.12302631747446,153.0138732809777
5260,211.29065035676138,195.15031501774908
5348,220.56781283984265,196.2570535590782
4859,195.09682084998235,215.4793348218942
7067,183.8617723045116,213.02751914820064
6426,207.03779286140264,198.00146837429293
4988,233.36914044494694,161.4039376751279
3838,234.53583138804137,177.83410580963957
4274,225.23724080694592,191.8471545098051
2434,223.8331339940699,188.10158720825743
5637,203.69051126148597,216.09158270457874
2240,214.69791405511842,196.92576257190285
887,199.46777903103995,208.44289650653144
5563,227.77723838083386,182.3297631262742
4810,227.16487380739068,173.26853052012626
6761,227.88375375672723,149.87329016350628
892,234.4219646152505,159.83264854108035
4078,221.60639784238495,191.74371845525536
5110,218.60123858168282,199.43128690163564
5939,228.6978591764489,167.1065918418325
6544,167.3156749530032,223.5630190389809
4054,204.94544453544378,199.42994840603905
2328,202.5634033996623,196.40767799435903
6187,210.0336565177719,195.33527562610448
3723,187.11448429294225,216.19700636876848
3058,262.917355713004,156.68714621712903
6241,229.02289471476553,185.06455303880665
5231,219.08289976717833,184.13124689379936
80,224.7652344862156,166.66434665453153
1245,209.5609971695989,193.45565417281293
2565,239.60578686680702,175.92725574235004
5292,219.85462624476307,200.2613363255059
5146,203.3331766798087,204.82668641697066
4475,239.0059930113776,154.07433304670732
2805,234.64297773792129,179.451427591927
4061,214.87186669284733,187.10829527192215
6182,230.04819155495323,162.79879730763196
490,237.91543072195498,191.78905563093173
2476,228.96427026648968,188.60122428059253
1451,185.1266708357003,216.27728835562706
1902,201.3012617477432,218.46595569691294
3243,232.3210183021513,186.1120688869625
4322,226.3811645055305,177.9787416263232
930,238.27272922738985,174.2920786172249
5392,222.4784101063154,191.06498190910372
2740,209.435485490273,188.88049245715774
872,214.99354688169436,191.23988792456987
1517,226.83973660807615,182.62791813886344
363,221.42565472479728,164.58134731359405
3239,258.68995142367703,147.3198087620791
2919,219.10821485734485,195.71752273018376
5842,200.9506007708501,197.4601209482998
4208,228.67912274855212,180.3833168583293
3847,216.81728844108716,190.91799953479918
2617,208.75807331665752,198.83497146306456
6631,237.11808997334379,162.1369885265213
4964,230.94065428858175,187.1723079388819
6154,200.90283851917846,208.1577650983452
1868,214.88109765598708,198.5703144965793
6370,204.5098978312597,190.49963498827708
1728,219.2175618172368,196.29387072570188
5478,237.1407990848386,186.68405856282027
1568,241.62904067401945,181.29023150033095
5999,234.58023320576035,162.94406710918307
2044,197.33587237092866,201.13456314767072
5447,229.41328047645916,178.2608094804612
3694,211.55449590880866,191.97275725915847
5791,201.70609578701962,203.16019119340407
985,235.88519525105482,178.84922436965374
4355,213.68924499361464,192.60691211051915
2216,243.13082494231907,145.78701559817853
2775,286.6439592647867,140.01369203357092
2490,230.94397157527462,174.1267809026313
2865,230.27302335858053,171.1479968309588
3003,231.27935504163904,191.9936338363631
151,218.2902636826505,178.00634205637067
2236,222.53085658653436,184.57214437652215
6557,208.22327060195994,185.76485918029067
6348,250.09711905028362,156.61628426752367
2223,223.7111697040569,190.61861289104235
540,214.2094739927235,193.1935268952126
3911,201.95786946507602,209.78656934583466
2822,234.8165718181162,181.25009844062834
1928,196.97131631091972,201.5967811905249
3889,228.60592984397627,180.01657533129085
4293,218.23844588079226,187.25783766722213
4913,192.08271815801456,208.0984038190513
6649,221.80329986353837,171.9381042945939
1585,197.64732770977614,213.54277801640865
4540,215.24009631078013,188.62071561208126
6448,196.97581800372834,204.50564440579538
2866,242.61688135222997,172.56985176577004
101,226.52508558805027,186.0786191907376
1721,220.68236119936844,189.30325891590303
5055,221.84940042125942,213.0402316760923
4718,207.03471807581462,199.90919862780237
6321,196.2919970974411,210.77835840630866
4922,242.5987806388979,160.62863853568865
5830,207.44163426461742,196.90762341410868
5714,212.30989320094875,189.70955711663248
6195,229.12069142789406,175.11012440317265
117,189.11333107402172,213.70611161800898
3238,235.22696988468678,157.5816743933467
56,230.4914732170788,183.87783141583319
5318,208.46471258648654,208.0283537752777
4357,206.02185720620673,189.77272860332388
1953,219.13593483995982,175.1682749588791
4349,227.96512259466476,178.0016467745246
6146,208.16590380331104,194.73117326502287
6825,199.25915394357173,203.82611579613618
241,215.60355971581828,171.54487885465701
3540,216.50334142446783,194.0566528445667
6953,218.7202970408174,189.14223898925962
3116,181.66473890143428,212.93524843394619
6171,248.38241627016743,156.57428578169134
1443,200.56150603297283,212.65638192609364
2117,255.4617922994022,157.8840651732506
6441,239.51023974771147,150.08627330654284
4873,207.97967894343293,202.08406091563322
889,207.5491153074572,193.91621589379673
1184,188.87865458286956,208.84024856998758
1225,201.3792262829592,219.5426021433744
5137,198.93896866561954,220.12776412885873
608,237.7142509798189,164.4671428152119
4082,213.2541302642869,177.8374659243401
1828,207.59157121842188,198.0119159639621
2344,217.73006128400186,191.2991331610083
2534,203.48478617168078,204.00502470746704
1942,202.83650195494806,196.91412080682684
6988,212.70465163094582,183.32078834473435
1018,244.33952762261987,164.02214239914372
7018,226.60608614295583,168.4621151169526
341,218.73334320668295,186.25756811850334
1640,229.79509351248674,168.8338680271823
247,206.91951112019458,200.06312535698393
6377,188.3409059204118,216.72806920264227
329,192.4747111257244,206.0026429593614
973,230.85694609963747,168.42092331281412
6992,190.12512136392274,218.68232185090628
6967,229.09018794492312,162.22199741073103
4996,209.68477268244328,193.76422407444284
5740,228.90803143584506,164.51509257774072
1407,236.3321769088047,172.13472746557568
10,210.63548835871052,189.32769587283906
7073,192.68096678857447,205.34134949514578
5952,242.8652438226932,169.98806719454058
3070,231.91581479330142,171.6019326267741
2018,210.10109192463233,203.62058133210977
6578,197.63239598282408,209.0471466933053
2446,207.27296951576648,203.72610165156652
2836,210.3516533615207,202.41855441408242
7040,218.99730193339076,171.1069546425217
2419,228.25869794353235,171.3229445330234
3610,228.60308010585786,166.49116378582875
4438,237.98954531454115,155.0131573416325
5201,216.59125987063152,187.98730759940568
61,230.93780312495147,166.66238872246623
5030,198.0765481819883,205.82694910358663
4328,254.77044108311952,148.6731049565566
836,210.47121526165088,189.41959832318372
6238,198.53537161623618,188.69729468696363
2973,192.08232394819797,215.31505457091797
1945,224.9682162522875,184.25059655037165
3637,195.0423499764369,219.80399832558405
1862,239.45063125401094,170.46618355686357
6048,240.02073233958583,175.89538930573246
2426,211.35698381455433,194.625635217471
5785,235.59960532616822,168.88234250796674
6086,251.06201470861157,164.61700519481406
3787,238.90962003253088,157.87911982721585
44,238.00479193438008,164.49015366682244
589,243.41164598096975,176.45496057387348
2198,221.73605074948517,184.49126600974392
3531,195.08476610430603,217.97342479861072
2833,214.72412130845,177.28617369879512
5821,224.8499329903005,195.89477279243158
969,224.3345395284512,169.071715523105
5235,214.23945465861343,189.88911114191697
6620,193.12988727217143,212.95902041665443
3125,221.01193059046636,187.18821810211077
5210,221.67752083752578,183.57001741674998
2959,241.6833205525379,158.98779057207594
5256,207.3720387886987,202.06219187653573
955,235.56529376465915,174.44490081496383
6027,212.04906936285215,198.21557462682165
5489,205.92792517955635,188.35035643992993
5145,207.5756189345678,185.06573344705646
1348,252.33684996410375,155.5970731725053
1643,222.04791907466443,182.15287191244005
2376,230.04849977777087,172.8568167015512
1182,196.63070095736103,209.19100799923854
3955,206.7845983897981,197.98406136016658
6868,205.7368669053436,189.89986340417104
2209,196.0710141591445,198.77476158176955
4550,199.80167555170502,214.8792197395174
3356,212.98400447938522,205.61865270927794
3901,198.65540937043977,196.32611034270238
1371,242.88538470335374,163.24332544037821
3149,233.47669980563072,170.51452541970386
3259,220.33625377325325,167.7345155924285
2438,240.1886365584818,141.2784339549445
6739,212.7347901150209,185.90372700523884
5716,224.74704685009667,184.54280092629625
4609,200.0162392481625,217.13315863028348
6622,219.11428569963053,180.0741151692841
584,202.62705784862868,202.83370814529604
430,217.51923360753057,182.94391078716006
4268,216.9752261292255,195.58713296088843
3158,232.48682608742865,176.5554590458143
3353,232.82205144736733,174.7586260883151
5153,235.82924257447715,167.88183778665092
7081,240.1204393234589,169.16549931783214
2849,267.8070244444054,134.21371961407135
2620,196.87744417770088,198.76195681844297
1911,190.9893317839914,212.46764129231371
3118,241.23029401420018,173.5700515233621
1061,214.28123606473596,199.7286108871958
5561,234.99939944489844,164.50275808638273
5954,246.90040313544537,147.68771662780478
3352,191.1604168153369,215.95566078480405
6954,212.47283483027996,190.19450166875146
477,203.1598388113447,205.8437126071711
3596,200.25227481085494,196.7582400459743
5735,183.38403656767966,217.823096772122
3782,225.42189760329524,218.3473186576851
47,209.98792188364072,195.0071090440459
76,231.60899442361026,180.693505471367
1016,261.3868216293589,158.07212416213127
1289,226.59498353610306,186.85243369623515
452,207.55496719119137,205.50828991596404
99,231.63976453171816,165.17925334204156
558,221.50205524082912,184.9049610662202
4450,235.04414072414866,154.4705300349578
5249,235.9835873673245,187.60029029280548
2103,242.55767410779353,175.16401308569363
4852,231.2028123379004,171.2791859859705
3597,231.2087450019752,173.885480682143
710,210.92371246583747,192.0678527818722
5368,236.3001055126176,168.56350428519514
2510,222.89220689955468,177.56513677599582
5015,218.63989718303566,207.03574262196
956,225.295702839857,152.65706992172906
1154,225.2836027076176,178.70830497994572
323,215.78311612738676,189.2818537776037
3354,216.4672189118167,186.37049194572933
6639,214.57674071767815,193.9111842896015
2695,213.8059274293845,205.15266701273126
4241,234.8680397200949,181.06491302094022
6947,200.99610509657515,200.12120638143008
4179,210.59949913321574,204.48847660464594
5729,188.61685315443484,227.40373679769763
5611,239.32694787749398,178.16065322519665
3619,200.17864108897732,205.3591233752043
1125,236.62841848581652,166.02267983932953
6079,226.3514059422813,169.60345766207837
1866,194.46368368538228,215.0293015590056
5984,218.99364631959347,202.19306199614545
897,212.41510245911317,193.22691091779862
1266,229.7154245286838,181.60573125466044
6964,233.41021403766203,179.34156141651124
3689,222.75323112637932,188.19547676286413
2753,194.92592457594094,192.76369847030904
1376,218.90300569637043,196.18867345547145
4182,220.35371472488308,179.45174947077209
1810,183.29881259957423,226.18646959116418
400,217.12108156400353,181.03188291149553
990,243.17494561241233,168.05471510930644
6307,235.120376079153,157.09617592328166
4420,237.84930549895105,176.6670490879028
6507,223.07008256019918,201.01480024613258
478,210.9216622985079,193.64775091589254
1037,202.99441266837724,195.82457162884995
2137,209.86564446678358,205.81967314857764
6934,215.49628126674168,185.57170705513317
6803,219.28801426358075,177.20591022152462
1842,240.15835644916228,153.64878139934441
4961,211.9791007600271,190.84660579281973
6237,235.16948164970378,175.8680934771306
3207,199.5889039379418,205.50273822653708
3488,222.96700486227684,189.17237106417235
4694,240.27050573002094,172.1860954099564
6540,204.44383218526136,190.246306124908
6120,207.70324397669236,177.4668229815573
4342,222.3184551893518,191.05477581749145
2557,216.6473637748058,190.04421202538703
700,214.78126625234387,187.5351830206297
1500,214.2698085532762,193.69982962776166
5861,228.5150640100495,168.84101581058667
2738,223.57085875680247,176.92901576930478
3031,252.64990081934587,152.61134153645358
2949,241.4415661625471,176.70126279184717
2214,218.80857830510607,173.37274102374414
3517,191.88055848203115,215.24743737601565
2456,188.3981535168118,214.54742809535333
12,247.97083991960415,156.68322358605423
917,201.50076511693246,207.6208760081821
6800,241.4317021298378,160.28768709233304
4795,213.49290373824184,193.3307328733073
3095,240.15766623561893,179.96361272505368
4018,219.609445903966,190.1620598094993
5086,243.87825299767877,185.29120739686877
6326,215.40017948738205,199.0031890338424
6396,221.79413475258588,182.7417732109701
1341,237.64746403430027,174.1680095004587
5151,205.0867678279407,214.9273551410505
5205,206.1385624273448,218.19046385329386
519,231.84751421465154,175.52142151479006
224,208.02241979152151,192.9424647438495
3736,174.95462413818208,223.02638280547578
2796,218.0084536460799,189.4702894799833
1596,216.25764717722222,183.04328797584026
3332,237.31469246214812,149.746654615409
453,226.69981269967565,180.0951814098114
4359,212.59804070813968,197.15329101479747
5121,231.59789664066508,179.47943085740982
711,243.40419397809126,160.22695629424504
4276,220.8546809379444,196.90171251117658
3065,236.30304177443395,174.3402937246529
2352,231.04162922578809,185.09487065054424
1096,219.34356504182236,193.25765388951143
3233,250.4169252111284,160.37526329368856
1789,190.47029393643595,216.60396877352778
6268,241.06318221547588,156.79778664079402
625,231.40515286245522,167.11908002351683
676,248.20024611972346,142.25842455822163
1874,239.76452881910456,162.89742673243984
1872,197.79894189233391,200.79338575819915
5497,218.51989629226313,183.57998712338352
6016,225.08200241858805,171.1225824620907
299,239.89502868575454,178.00622365612244
567,233.15820906344123,177.14777217594133
6428,238.05214605060596,165.02187079329866
2522,236.81407401787797,171.30056935552722
5099,226.8945563740314,174.37375952245867
1746,220.66019033747193,179.1475651398759
6137,194.4053056791196,212.13568892217472
3240,242.26603922125267,161.93663465834206
1985,222.25762781642405,196.85416269792486
4228,237.75677951688988,164.77842388361128
6234,218.5984421410741,190.71588252769112
197,253.25820358625953,151.86769906485833
1536,221.9205906092353,196.22069158507807
3364,189.4386525899073,206.54926433413178
1204,214.69945208128962,200.78409577042623
624,225.61607788070035,170.57749930429495
819,240.79889362307867,177.54467372522944
1181,207.14598069651188,203.20066229165636
4,201.30452026193535,201.87801895459643
4920,214.81968637219984,180.67780073288156
5222,207.34909994026512,189.6773877590343
2429,195.83143588905327,205.0579236647993
6356,225.67081546500916,173.1371551949511
3409,201.79047669818144,208.44121644892564
910,225.9306792030114,185.23371625762692
6875,187.5234082854273,212.91397121828427
3427,197.66651102305556,209.45559899730657
5570,256.8256189938668,153.1703668343491
6508,227.39120758584312,165.94931944160356
4587,193.38982501621416,208.86846867030226
5878,217.2400116471843,175.8782453574528
1412,213.8069141948022,199.69778050959454
3607,234.21621664231603,180.50472757713592
4985,206.2775695696204,194.12198126046462
183,246.1102123098197,160.64717206625946
2422,243.15407647981166,167.11008334719833
2146,227.68784106188525,163.09270817166293
1700,221.2365011958808,180.98708966377194
730,188.85043228659492,229.3443254192156
3811,242.95744679020245,148.5214522887767
3950,216.60456097010797,171.66023718617484
1521,206.05171082762197,198.2285791023642
905,228.31071582024566,174.15959492920712
2164,203.4924180811181,192.05583938166654
2302,223.77253187887408,189.7119774905512
2634,249.41139185621495,146.91522325839824
4195,225.6208934480787,180.34171148132492
3894,209.49406825882767,206.98522925342814
4990,203.07366516612964,202.5894609160061
6941,243.9892595471722,139.2647947417209
6811,221.7974157155585,179.4388660943588
4193,212.95659015840732,179.9438064156284
1960,213.40822225717523,199.10262591387098
2703,218.11906780343566,180.35740655162635
405,233.07136712525204,163.80524278127695
1062,214.29976884782576,178.49581626580277
4490,199.83259085155592,211.8666573819621
3380,185.68880903381591,201.95565748906986
1515,232.42438007762155,187.06259315283467
6724,213.82048673697898,171.32852717136757
5288,232.61481505526936,179.10742474885092
3755,212.32283796355415,198.11950763410394
5315,216.27807682491817,203.60357687847025
2705,226.3612797674624,173.72762331863814
2876,201.43812178549024,197.18797509253832
4211,217.0712634468226,178.83882537496038
5666,223.80125480955945,175.48246680163675
3395,213.40406071101836,191.06431513639967
5219,244.28916168399368,160.69384168109872
631,219.04253440198318,185.5312371170662
5943,226.84827679698355,167.52383448954998
3321,206.61033020712566,198.47619382818462
4223,223.72544328685433,173.23707415763073
2118,207.35033193778156,193.1861953620778
2829,215.17226103017668,181.33833265186337
3805,223.28367282768633,185.13258057418727
3521,237.37581785427602,161.994542489104
1665,211.98700054748016,180.30620007088203
5929,213.30430465364225,199.03811517368436
5245,215.64048567156294,174.45507274465422
143,215.35605915671482,186.8895929146756
5776,214.45738434460088,177.38276531597532
1228,205.2770788393184,214.5995269121605
3123,222.07122896481604,187.6221776461113
2584,244.40950134089786,149.33182360781257
118,192.84578611177253,213.55950134180506
7050,222.3829360425936,179.51365868837655
6556,203.02552292555959,203.43426083867612
2174,175.4657513581301,223.27119040094337
5192,215.68462165968162,187.54357166629288
5724,209.69850923608598,189.04604477764394
4786,236.64160505174635,168.28132195190062
3377,236.3799178207193,169.86205594999143
5473,236.53842603635167,164.2375443834341
2049,238.19794452026792,157.40173316998127
2905,250.0999192088982,176.40664058798848
4463,211.16319096334684,192.9569748030935
3730,203.34534789345184,197.3646119436184
6322,214.44384906038397,176.00917411688718
6732,209.30418482568425,184.52647364012304
1406,222.89588022978919,183.46649223856144
6748,203.39848812779115,172.97089488958525
5911,211.93172999016033,203.35865650109363
1077,207.84288727952014,203.14536977643706
7064,228.76230289422068,156.43353148496865
2934,224.26031415975012,181.35292914743974
5007,205.90745503179247,185.02855653429356
944,236.62811593393013,165.75552453784186
6338,190.9110367333736,210.82999436487702
6582,236.66286598503015,168.94986542406303
4665,242.66631172432193,165.77961793230384
1307,229.48568901758844,164.12787436506687
2054,201.31726471280817,212.73159357792397
5838,225.1875761153218,180.32542079770934
3445,234.03506757101928,198.8129055111578
5883,201.1701376512287,201.31414331594627
5170,200.10249141677195,216.06706615803637
3214,214.01916258676542,202.6338232828547
1597,182.50942104128373,224.07536674402843
5746,214.7430516978858,202.54689805622445
6925,208.2803535099504,180.22800138353574
3387,225.38822707463456,190.71962808943127
6288,218.79804839211312,164.14394674671672
3699,238.46635223405076,166.44447400677336
6020,225.7829609291409,191.12808251804688
3083,229.92601869772614,182.11409153433806
5632,195.0651214692202,214.75438391188536
212,203.50898390392962,217.4465665408201
5901,244.85365234972235,160.6175340708457
2845,233.70235681939687,170.57979069754424
2011,203.7179214959109,183.9978731407985
6867,223.70222146032248,195.1211211579894
3440,189.58626658530088,213.91843938193713
6580,220.03954334800324,186.44799694098316
902,219.10925568459766,191.68612289337148
1482,217.66064763554633,208.4657181691482
1060,241.60520435995477,177.70407902934593
899,195.44791871138133,201.36206522173651
304,234.87864550515192,194.31165187484902
3514,230.51730123628306,176.91355633675175
2015,221.8833980827529,191.55640815215938
1193,210.3314695244942,200.81446561274888
5723,218.93389641415067,207.341104988186
5152,231.45546454456894,168.75825147551188
2767,219.39461771375568,207.42571056316459
5916,232.6266808159494,175.2797377544527
1171,227.42068726190547,185.42990753815968
6358,216.02256138527,186.27370499923853
5681,227.93508312889935,168.40317566653977
5173,202.7093464272741,203.498324514793
4827,188.49841181899524,197.10110751203274
5736,211.97551533603698,188.18497038685405
2234,232.72764522638408,181.69882437425963
992,251.5394219229628,167.14714321302432
6098,215.9367821902897,186.58563229425926
4714,250.16460166203058,148.9079030164417
6015,213.78444314443593,218.70016945162652
591,216.07466933215045,188.1524042804304
5881,203.8348077348473,202.13062021689558
5604,215.61474429679055,209.8438173023889
6247,233.92463504825233,147.14162099532726
2907,219.34355036773562,185.59893685714624
5620,208.37841479157453,194.58439968318402
6532,214.22272210224426,207.3756373055912
6601,209.81078004344414,181.18394809491167
3325,263.4582687784103,143.7372958613082
3178,230.58353823185848,163.22154417838868
1968,213.01868537617614,194.57792540834888
6876,210.40588893170468,202.39863284888656
5910,202.81549882921382,200.16007616810728
6265,184.2152781174708,221.89578220047179
1057,223.86560642188778,180.90156448645183
4955,227.46224284663694,181.36366972580893
5138,212.284788957538,194.13917132930837
5313,211.0656984429488,187.49112451652172
4894,210.96156099315374,206.28749650483886
394,239.33983262922493,158.99609577679928
5656,175.22939443396487,219.74770569045208
4094,225.4340146740845,174.5583308845292
3750,212.59508844290204,205.69048728094063
4104,202.73853195877655,193.33457554532367
2433,199.0606555217056,198.67548490487695
4612,192.76397304321776,203.98449026423899
1064,245.73188863050314,147.11821804747817
844,211.07373235984753,206.29625799813246
4784,201.3465869893929,193.60490781781584
1202,231.18243893441746,193.91323555565194
2210,242.20206090160596,161.8967523560724
2194,221.0566079174331,175.930934445292
2881,235.71881006976187,185.5506698063888
3307,210.21982875609922,190.0117986485699
1076,246.7778079127278,156.5001332502871
3373,197.26930366494716,210.57536326828836
376,211.19785231450385,198.8362170085342
1719,211.84060555643038,186.3283127795911
3103,237.13972868920098,167.71428096462137
858,221.3144268357661,178.01849520922053
2812,218.66367234536563,188.29474665177358
3690,244.57827591611027,153.91099036003166
6914,227.23196944247312,178.29877223333168
6296,216.78414182325147,171.17968642990033
1099,207.93575551812697,189.33074554214468
4183,227.46427157303356,173.38927976294292
6702,209.47611869756992,180.21214470930016
1116,200.4993245452798,204.2403751563254
3279,201.78020807237326,212.30596765295536
5668,226.15998389061804,168.9832544830375
6056,210.12121909949767,208.31527714476454
2330,231.03264545182645,182.6871534577543
6856,222.91134454322966,169.84847310807405
4517,184.09978260096764,221.36201148929206
2574,222.48174065133696,170.11843995722165
1124,206.80981006709507,202.20618306360947
345,238.67737467152864,159.03659536054448
3751,221.66746618999062,187.58296276158774
3408,232.14167429472047,189.373654678158
178,198.13751581146377,196.2011685642667
3759,213.60427061122763,194.27243923357776
3174,239.9833648157211,163.98266131273482
4015,218.71196420424266,194.38469511433465
5056,228.63853714865388,177.54442028869292
4541,219.43660887476204,192.55496425323807
3893,208.07402260634782,203.02726575954424
3903,220.35113620890831,192.82117419482225
4220,233.57899890255715,176.5023529372532
439,205.9977931484566,200.715300279268
6832,209.55574452757813,176.8394788932474
1896,199.89962072328473,211.46365499648664
2010,213.97764499073037,195.0635919591771
2722,191.02681763068583,215.7430657654387
5700,215.79898124294888,207.1857155380848
5622,210.39082079594056,193.12345128817736
2297,200.9258051168521,190.89456648973942
5762,211.01079060204324,196.1717979759684
833,217.2316807160302,180.9005939044895
1725,234.62353192696298,175.55270596908136
2437,200.7451694484923,211.14106076555586
7061,176.62918063345722,236.8559878286149
6053,240.17164770053947,171.62159733211084
5795,196.5713184804946,210.8809889931005
3053,225.74175286015205,181.93915016420533
4013,193.61451526823228,214.6877242956197
2955,194.36640033575384,218.00773113373737
3432,199.6321049438163,209.43770504635526
4548,206.34375853823735,190.43263410747676
3110,221.9634374545608,176.83112219868872
3907,212.7424839260332,196.71449764926706
4867,222.32601609113897,175.22659367880976
4573,225.248741728855,183.9126569549043
2731,211.84226340997225,200.4575448735303
298,213.50880208727054,187.23394170792344
2659,246.83323301875015,153.71278018529665
5594,205.3092331241656,193.75778301682269
5712,221.63518389110808,178.32821026449736
6218,234.07994722764303,165.27770884043215
6937,208.2687528670932,169.40817312526013
7083,245.34040815839126,154.22464571964804
1323,214.26371414958908,183.98693762292066
3803,248.1086110810344,154.90530004528676
6682,218.72050288562735,165.98352929433366
1595,193.0551884069804,199.14818051888798
4710,225.94893461073443,195.31492516334643
5543,205.97190451546373,183.1314175393365
1910,212.12566135770808,201.28880231864596
5924,239.01372700563314,166.60683438149584
924,229.66697624313122,182.79863294235753
1734,215.94836238995725,180.03372996072324
2027,236.39451607019606,176.6594048783943
4021,211.58382298667502,211.49499032697375
5698,227.93347122583324,183.7159683584859
2191,212.59830318328346,197.61603864191665
6161,235.65329423290007,174.39074931048947
1012,278.1422393449444,141.03709039633208
4089,227.6330664678706,174.059273585808
4048,189.8944893372993,220.0862183715319
2712,243.10802291277327,170.34571205066516
3848,214.24507071778285,183.33657971008327
5114,220.58178363950356,179.18118347183025
3582,216.65408489312009,196.53120303895247
2756,232.63869503321416,169.30643750466658
3679,195.18046057028073,207.85417250510693
2457,224.57275077945826,178.76163233596617
6675,226.06798255929053,182.56766449223232
4533,220.7066706249244,192.41938635403528
5161,202.72385530978673,201.94343000414008
1029,220.246526845528,196.77214844417327
361,193.70432215435014,195.9120321522823
6328,210.90414897971732,180.11030150735846
409,203.82974019317118,183.62311135341653
2331,216.33634605776172,185.2147050547306
4050,213.57969799647142,199.5847971393405
1155,224.06399985554512,192.2848690345292
6446,180.08353198902736,227.16241723858403
4800,247.2080113967651,153.45354762477962
6443,218.35662618012438,165.9777248520977
3317,240.9902103190114,167.81947153037174
1878,218.8434503934098,183.3647694761828
2185,249.44928979168463,131.01111585314857
4090,202.35757562483232,206.45840694291795
2021,207.657877566505,178.40602353222528
465,228.67950580170088,164.33561832026106
740,230.86620781260999,172.46421818519815
1839,231.7869156681611,171.48371835601577
961,204.5735729861689,198.6006596095203
5986,250.01429969867212,154.4555344929256
5448,239.28954977007277,157.53294720212705
1888,204.89774119457604,205.67927072964824
1226,247.0727131208729,157.70655824052483
5677,242.70342333928866,169.6036985216152
6853,240.55874242412102,162.14481471576067
1650,183.2701077837236,221.05006710320257
4433,242.69009909450068,162.00106927599026
2830,216.63426985869805,188.74669254916435
5897,210.5037212098088,194.13312523054086
1070,230.17701448482177,184.37592594841487
1287,198.75563934305376,215.08696109282815
596,232.4829998159094,155.2271191883823
5375,208.09062470274836,192.23471805695573
5695,229.3799894635,175.39014451358926
95,222.63339432933418,185.36607424513045
1308,253.5799643703083,137.38167047354466
2851,186.91904636638995,225.46807584505163
6076,244.58765540903738,175.00582503144673
2863,224.98690744183997,178.88013920462382
3926,232.1568064947543,177.08466505661832
317,203.06700976707793,208.54274058443352
2951,224.6213825532116,191.89873645688698
2759,285.063520222521,127.11404013488091
4422,203.1826710436329,204.2560184298536
5326,229.07021525437466,195.4874626733984
943,215.3385246167456,198.19874264948496
1324,222.3424936996921,181.53258579456076
1303,206.39243887846638,181.81723342024497
476,207.25765634801562,212.99653068192887
2961,208.99519189545538,202.50433894489237
6102,209.29413404195637,198.1820058854261
1512,203.66150992330802,200.1494178744949
2684,216.84574136010988,193.2329274625657
1384,202.00268504514509,210.51752915735022
4851,181.37794060648434,220.54261398375988
4395,227.19422597520312,177.37077631359492
4637,222.40830712862783,182.13770343737156
3551,241.7992501618627,166.46447973190098
3966,203.79693671341292,206.77991887876854
2235,212.8589938274604,201.36899412772672
2568,223.617170154884,181.56993346608607
3200,199.51119563045324,211.13849232547875
2673,228.05650081810865,168.51186080287616
5964,190.93074382694908,203.10740993106998
2669,205.73285604095346,209.02988667545492
1907,196.07378291798534,211.84298062900734
5017,206.65171437528323,213.34570831066378
2122,219.26309639104585,191.90434136507707
6609,205.31412725821917,181.28192734912355
4982,206.6732165636016,202.91967526059625
2954,216.35001856207987,195.76286055350133
1104,220.7357243800532,178.54905130690176
688,222.1930463273151,186.58096875477096
4161,230.16516508860545,165.7444642171854
6672,202.8697116710132,203.24096932211836
5119,228.97031279792512,193.70955654921673
3059,215.07758434747194,187.02656270375502
3715,208.69362796943588,200.53049724745688
1774,205.19284926112107,197.45413275155195
4849,237.04155493806292,138.54300920550344
6664,225.86223523604792,195.46441003193453
6894,227.7607735807298,162.61398977657296
4234,217.016198846325,192.31674699062035
2706,244.29737598096756,147.754654786276
1927,198.69648787354208,212.45095637510755
1210,240.3277951290013,173.19839052206544
6996,192.06288714503557,208.107442010957
995,224.61935329688572,188.59113672895424
4793,227.20703047412343,182.47868077992388
4885,191.6657711593025,213.1005027115527
6780,213.28877696261998,179.65247389295882
3891,226.81897969788977,173.0267547061841
1174,242.19804126554226,180.41142465126455
1306,225.58917507934484,178.17805625025582
5307,199.6291033538921,207.60088523064323
5063,231.90836135795723,186.2239367771617
6799,238.57139524467135,153.99192506566914
1791,206.75460985093218,204.42463672958056
4244,227.04207722017588,182.65981944268506
6677,233.64700662230345,165.58537191872782
4731,203.41634834342153,194.24188913020575
6918,226.74249384034303,186.900741168529
4224,247.80956964325648,159.60395090480418
3366,198.229819506799,197.9051669502243
3799,221.59482290224682,180.31454114797577
6110,228.20848753584605,174.73384559093353
2147,231.5687096429752,167.88863464176205
2930,243.83837684361373,155.65409436169273
5859,212.646136426986,192.1734666799389
5976,231.31222506248957,174.22195551895334
383,212.2978497791275,181.3955103850936
1417,232.60725002719613,181.2442105994062
1394,216.2171178085997,202.52930656945523
4547,209.63784564437776,199.52003472714134
2576,213.07288796077052,176.07314667595426
1379,225.90460561013288,176.6160662468551
5072,207.73555985138458,193.78905014090532
2156,211.15319043486952,194.60980601848902
997,227.81759273714758,182.6718381491046
2007,233.93651338601137,172.5047868926689
4919,241.04434723035507,169.459827420921
4603,201.13872616865396,209.00001054829713
3397,206.41633400624536,206.88894933456228
2623,210.4029173398127,196.29789571172572
5233,218.38093389639033,177.7442398192125
6059,215.0618989542636,196.34867700799583
1383,206.8721848662492,181.1981551884683
435,226.95838308245516,193.9664716563949
4435,216.79316551258552,188.63427683768822
1227,220.5542538775904,182.24411476932693
4768,205.2139355346785,191.62529862371338
3180,235.0842673786835,186.61871920129278
830,254.18477704214047,153.19143564010903
4210,212.683030380675,189.69225828704333
6920,207.190779767978,180.51925873449554
98,225.93600222432778,186.26311242330016
6835,226.0378694952979,187.37297447830207
1834,239.42633939391163,166.11878411525618
3457,212.46657457690935,194.48527288694686
3846,214.61592391034404,188.4947095652038
2569,233.57066804094228,164.7701435975073
1617,185.2256154303697,216.83640596076205
2979,169.5622420273702,228.69591548301764
4043,258.05724333925014,142.5906600054438
3471,176.39984914150057,217.78592415255446
6820,227.61244536996665,180.9178484540666
3804,229.15592650529925,174.46627263598796
4697,223.24040632498816,171.03518630570272
1613,221.74426935636438,176.47667410200629
5371,219.3395941699219,188.98937738520124
1444,226.75937904435304,194.67862422898838
3857,228.61450775895258,170.89940226149355
4593,205.8088101901125,210.77127141068158
3087,209.0057495819382,209.54930448012138
4509,228.0512557430826,170.13724884996503
169,222.79223495649632,149.94483228970452
800,201.9643618437232,191.13779046566103
3253,222.51926638364648,194.0465559179122
6327,221.4769389123408,179.14020019956
6616,239.04529363359356,165.74758254880388
3816,225.70268470897258,191.29174777679228
468,219.40026716736452,189.6872820260655
2225,221.7017251625361,190.19259376430253
4944,204.45900543651828,195.81762043672865
3961,235.5227595528072,164.04558188979433
4470,237.42571775607018,167.33422372488909
5390,257.4036071273514,142.56907015479598
847,211.88234813084216,180.7565232842253
5960,229.25197459857236,182.956058600902
2219,231.6007023163322,201.12330415165042
2971,203.2458973238117,200.1233126278506
4288,193.59251189821447,194.32819711458396
2952,201.04484037386325,202.96305346083673
2521,248.72038582338837,149.38952699225916
6641,235.1351112500399,164.1313098434881
1701,213.12251597753254,188.98273957340098
5164,207.4995322642076,186.38440975707468
3586,242.1528893672982,169.95309194260375
1362,251.7188568076293,157.9730768007359
3650,216.12501659529116,191.116507813855
3232,219.46029789280934,184.67938181014355
157,224.69671888063897,171.85070754725416
2755,201.6570646661148,210.0154722411631
3773,212.75098255918667,195.35610350494446
957,221.4893031021694,185.23964169350262
258,212.95908360719318,192.1121396636346
3392,215.79691194325233,185.2321319376872
895,208.3993290308052,203.72080867057807
5882,256.77507776117193,165.97937736229477
2928,222.2980969173214,198.1003754525614
1008,227.64050249073077,203.26101588621833
1069,220.18335096752043,205.28125989738027
2338,231.04577131815716,175.61314451367085
6395,220.75079947971375,168.10013953229299
6961,213.59493659881866,190.43577057232093
959,198.66805450134146,205.6578293144006
6478,211.93510623265027,199.03681042640218
784,240.6389903905034,180.75843358650778
668,230.51540541379052,186.43752411734687
2543,225.3170628404407,161.29609201396153
1014,251.62276863890662,150.11430808107468
5003,237.57111498471352,168.76250764944854
3310,214.05821413747103,183.2513886010212
4583,225.46067765900256,176.62249026542827
6316,208.0079846668388,211.1782432869747
3781,223.7707809379889,192.38292912432735
2112,228.08569512496004,172.31388111849154
3450,218.49836864307582,192.38015559943892
5813,215.34179313402308,176.6328367596655
947,209.12907432832694,193.77552289317254
3284,237.36356115155084,162.69650317104015
4320,178.09729574982714,232.89767767527437
5922,215.90354042862197,188.00335786415903
4577,220.33404839959832,166.76342399615373
552,211.15674373420322,198.95766714645094
1738,209.75517772627703,201.51366838929934
85,212.820863917377,192.41536888458504
5558,225.79000504192774,174.64484031092348
340,251.51033365116666,164.44998051048225
1243,208.15371335623308,214.83099472922564
1891,216.2775926355531,179.35650753659522
2475,217.10179760659972,189.1065584051015
2383,225.75611744027233,176.89226676804898
2149,171.33613090235505,219.9576010889457
1994,200.02852253905385,208.29931704347632
6344,203.09624668541187,205.8661209326051
2638,242.87253377346374,158.22233790998428
2452,223.52271971320886,166.69827223490802
4667,229.82778506110625,180.45697337694241
6173,215.31688180266795,164.77441675949888
5342,232.8503075066742,169.92987610856343
6527,212.1606690224162,172.08881166969832
3904,238.8758404549477,174.12037164566203
5624,225.6441570048579,187.49297851745246
6459,240.2287039819621,157.89821276886576
379,217.2459217612137,187.93326569168244
4003,219.65769251648845,185.98068072757783
2123,238.02796021684054,152.4796436404198
64,191.6699715346439,211.11987144589224
728,223.6080689264852,170.52262298820543
2980,223.25825088527668,195.01108855324142
6751,195.56902489065328,205.47250234068974
3780,212.05046449611,178.04583948198263
112,246.27499256088697,162.3509904639287
6122,204.37106494076312,206.33920452071166
6109,194.170771362284,200.53479340722217
2585,237.15729028160655,172.41738605653032
3139,191.73890357083374,214.68919349298008
1615,193.65051594080091,206.09542587557132
574,226.66852166543057,174.31612388004257
1297,211.33117047414757,195.7515431539299
1735,203.6294019121413,216.57140855371279
3912,200.93309951854877,198.91495416002408
2841,222.43098288383987,187.71047874747126
6128,219.93827258463554,157.34061186962097
231,204.37500161172412,192.59936914588192
3571,202.28361846947288,188.16823357201184
4682,227.3686928043781,175.17098343250268
6896,244.73210326474893,159.77496263674567
1871,216.4105346813598,178.462629653743
7049,214.52539357019384,180.61596899845645
2415,239.8195788743614,140.56626115613315
3300,226.7379609036076,181.82395761972094
3982,217.72220884740887,192.26596990448118
206,270.7306694691167,142.0756419437043
4468,200.0038926377877,196.60821942474385
4017,240.30785715831607,167.90418045387446
15,221.22391885523655,194.43866580634267
3573,236.8098999512904,179.87069283299112
1117,202.84689121609424,201.54365087171627
5579,215.6683133617406,201.70719064512068
203,194.02254329680014,208.76050645522704
2507,233.1484967235882,168.95560965006752
6893,220.47905381247847,190.36501500524474
1659,221.1608081268907,175.87743468602213
1756,225.3874587845321,184.5307790418977
6229,219.22945350693578,189.3889060373279
4116,209.42785404430188,190.1927093890953
6415,230.22485331790415,168.00625320816263
942,239.36841115580532,147.33719738177587
6250,199.36530835799246,210.9874817042423
4895,244.12608625229777,168.74834622049153
3902,237.29699092678743,179.6645788794328
6153,225.87142888309006,187.21808199373424
3137,197.75505953719957,216.98515788602927
6880,224.1677976203917,173.19592684579678
4917,203.9603038463001,199.89363168727965
789,203.3310604706823,198.93804515325746
1830,217.52847554078406,184.1185427207666
3077,225.26693745724293,183.67579431462164
5358,194.301579144452,214.8391328584753
6063,211.22094011299598,198.1393377288937
553,238.30128845897468,177.64909237723168
6730,224.04489710681165,165.89904573454214
4028,223.66999015742573,188.1569867946216
5046,204.05566175900734,196.7470813330725
3205,190.30859752719502,223.6201803235383
6528,206.66440047109097,189.15103374302456
1671,221.12634033720582,176.25167267536875
277,210.5490479515521,207.66444279401966
7037,207.24462555052654,190.90956630883392
2621,211.44560201413273,199.03393724333384
6159,215.56143099596133,173.02113846825242
1856,199.04961590258299,209.82559561084312
3913,227.10806867726532,185.45902216193315
750,208.07417500200086,179.98813487883297
6417,218.1587992324752,180.24163463528657
5458,224.45122853239172,181.66690103954872
4461,219.63113061228512,177.23549549889464
4736,231.33485257823162,187.17831425834527
1979,222.77443816338715,193.52742296762253
2651,251.58384504617277,145.06171817072956
1702,229.1843083001812,152.79537003405562
2036,232.0317376436318,157.96472140944738
6183,228.3794423244628,174.52618117384566
2944,197.76095827823585,195.22595154393056
850,205.95216871742068,193.0782295995543
6384,250.34139058325886,147.84837675987646
457,237.0873379287683,158.05966023732375
5485,190.79229238207043,211.3684690335875
5289,215.45919531219783,188.15063471425333
6886,226.30638861910774,182.64377650190355
4019,222.76140254772767,180.16486275205827
2700,226.15544406066445,185.26981958699145
1873,225.4859833815855,179.12877697392022
4608,220.35133132054892,177.84229864369206
5832,195.91515776349124,212.64884708616208
557,214.77775964193665,192.41878039363954
3254,248.40828706268135,139.90437784816152
3974,234.87356657671498,166.8803449015221
3509,224.64000560481935,196.1926358101157
2093,229.28615142380607,168.91575711982034
1724,200.51939999576217,196.23059382814256
152,232.64159744802225,177.1139578665124
4762,214.08314772468117,198.8310226028289
3544,214.9812247611342,198.39382037621743
3766,196.9462142596086,211.5168856962923
2890,200.8445023786325,209.73330961333895
2468,253.1335105472086,144.53529792958406
4247,233.47685848683054,167.3465510688972
2878,195.42253358925973,200.66812944644013
1200,218.4481786995069,193.06649224690625
2411,229.89378852090846,171.9830247736034
3534,225.2049814078506,172.96640770936241
2202,205.11778662857523,209.5621909215685
6442,224.34718089664514,187.81584843630162
1331,188.29358354986084,219.25732052357398
6438,215.2518389699407,197.8433113274171
5915,253.12018989381562,144.78448960977758
2170,231.62691447412195,153.13032305713546
1499,227.9970553674447,177.97955610680535
1363,215.2379054358862,195.12523178169351
1325,257.7774216044751,158.12983415211494
4632,202.68958163555143,201.35752757020452
5669,193.41492298713007,212.9052175633442
4513,185.284224433258,210.26309753207138
6857,233.40556873937328,179.1983977784185
6258,218.2805700084985,169.78766102573877
2990,254.1222142622015,176.71326480925157
248,215.5746527043815,175.2052912824305
3019,220.82556907900337,184.70878911308907
4618,208.2132846894136,207.74202171042418
3166,243.15363634657155,159.61065801796772
3524,226.895556304042,173.83822186977267
6206,239.40999297219264,166.1645077707098
3532,242.06101082905798,179.18328148078785
2642,216.7199326700719,180.20934742979696
3676,232.02290756167133,163.30675383740004
848,217.26415407371678,188.24254333607809
1183,217.0513480931591,192.21248908539783
6001,230.0771455408788,181.71471996902204
4385,227.72453103758596,167.92014737099328
5501,216.05603081726207,198.45378241887653
